1-Felipe-Oldnall-foldnall0@youtube.com-Male-Canada
2-Deloria-Govier-dgovier1@netscape.com-Female-Sweden
3-Ruttger-Cowling-rcowling2@quantcast.com-Male-Indonesia
4-Tallulah-Gerler-tgerler3@forbes.com-Female-Portugal
5-Teresita-Braxton-tbraxton4@sun.com-Female-Brazil
6-Jasmine-Bliss-jbliss5@yahoo.com-Female-Colombia
7-Elijah-"Le Quesne"-elequesne6@jugem.jp-Male-"United States"
8-Brook-Wiltshaw-bwiltshaw7@example.com-Female-France
9-Pearle-Whisson-pwhisson8@over-blog.com-Female-Nigeria
10-Renee-Sillito-rsillito9@slideshare.net-Female-China
11-Wallie-Glas-wglasa@t.co-Female-China
12-Willy-Money-wmoneyb@fotki.com-Female-Australia
13-Mel-Gledstane-mgledstanec@nydailynews.com-Male-Portugal
14-Perla-Worsam-pworsamd@rakuten.co.jp-Female-Colombia
15-Edan-Soan-esoane@narod.ru-Male-Myanmar
16-Adolf-Burker-aburkerf@wisc.edu-Male-Bahrain
17-Patti-Dockery-pdockeryg@reverbnation.com-Female-Brazil
18-Johanna-MacDermand-jmacdermandh@friendfeed.com-Female-China
19-Reggis-Pesic-rpesici@devhub.com-Male-"Czech Republic"
20-Son-Wedlock-swedlockj@seesaa.net-Male-Indonesia
21-Edee-Blackstock-eblackstockk@vinaora.com-Female-"United States"
22-Normie-Wadeling-nwadelingl@miitbeian.gov.cn-Male-Ukraine
23-Melany-Readings-mreadingsm@purevolume.com-Female-China
24-Glen-Lewtey-glewteyn@e-recht24.de-Male-Serbia
25-Ivor-Pruce-ipruceo@unesco.org-Male-Kyrgyzstan
26-Ker-Meletti-kmelettip@hatena.ne.jp-Male-China
27-Almeda-Pashby-apashbyq@mlb.com-Female-France
28-Archibaldo-Sawers-asawersr@technorati.com-Male-China
29-Wilie-Perrington-wperringtons@nba.com-Female-"Bosnia and Herzegovina"
30-Dannie-Domelaw-ddomelawt@washingtonpost.com-Male-"Saint Vincent and the Grenadines"
31-Suki-Maker-smakeru@tiny.cc-Female-Estonia
32-Fredric-Bilsborrow-fbilsborrowv@linkedin.com-Male-Zambia
33-Conni-Madle-cmadlew@paypal.com-Female-Montenegro
34-Herby-Mottinelli-hmottinellix@dion.ne.jp-Male-Brazil
35-Lindie-Mumbeson-lmumbesony@dyndns.org-Female-Portugal
36-Ogdan-Cordie-ocordiez@census.gov-Male-China
37-Laurena-Poat-lpoat10@toplist.cz-Female-Portugal
38-Elladine-Kingston-ekingston11@phoca.cz-Female-Thailand
39-Brandea-Kienlein-bkienlein12@xrea.com-Female-Finland
40-Donalt-Grigorushkin-dgrigorushkin13@studiopress.com-Male-Russia
41-Katerine-Rapinett-krapinett14@dropbox.com-Female-Philippines
42-Bamby-Andras-bandras15@sohu.com-Female-Portugal
43-Maurizia-Lyptrit-mlyptrit16@bloglines.com-Female-Mexico
44-Ric-Annett-rannett17@vinaora.com-Male-China
45-Clywd-Barts-cbarts18@state.tx.us-Male-Mongolia
46-Izzy-Cleatherow-icleatherow19@multiply.com-Male-"Czech Republic"
47-Claybourne-Worledge-cworledge1a@statcounter.com-Male-China
48-Amory-Cartmel-acartmel1b@mapquest.com-Male-China
49-Irene-Papaccio-ipapaccio1c@xrea.com-Female-Philippines
50-Mirella-Lagde-mlagde1d@latimes.com-Female-Poland
51-Ilse-Renforth-irenforth1e@upenn.edu-Female-Iran
52-Toinette-"De Ruggiero"-tderuggiero1f@cam.ac.uk-Female-Colombia
53-Randie-Apted-rapted1g@t-online.de-Female-Argentina
54-Ernst-Castelain-ecastelain1h@mac.com-Male-Brazil
55-Kristofor-Wastie-kwastie1i@weebly.com-Male-China
56-Willis-Boleyn-wboleyn1j@mlb.com-Male-Poland
57-Christie-Kerins-ckerins1k@imdb.com-Male-Greece
58-Armstrong-Witherington-awitherington1l@cmu.edu-Male-China
59-Cosetta-Rainard-crainard1m@barnesandnoble.com-Female-Philippines
60-Joelle-MacUchadair-jmacuchadair1n@oakley.com-Female-Indonesia
61-Irita-Lightwood-ilightwood1o@dagondesign.com-Female-Sweden
62-Beilul-Gaggen-bgaggen1p@biblegateway.com-Female-Portugal
63-Ugo-Bleackly-ubleackly1q@google.co.uk-Male-Guatemala
64-Sapphira-Heads-sheads1r@shareasale.com-Female-China
65-Othella-Ramsden-oramsden1s@booking.com-Female-Guatemala
66-Josephina-Colbeck-jcolbeck1t@indiatimes.com-Female-India
67-Christopher-Base-cbase1u@skype.com-Male-"United States"
68-Dur-Umbert-dumbert1v@skype.com-Male-Samoa
69-Antonietta-Hanrott-ahanrott1w@last.fm-Female-Philippines
70-Devlen-McGairl-dmcgairl1x@twitpic.com-Male-China
71-Sheff-Menichino-smenichino1y@1688.com-Male-Colombia
72-Phip-Gaythor-pgaythor1z@lulu.com-Male-China
73-Trevar-Bettanay-tbettanay20@cbc.ca-Male-Peru
74-Aurore-MacGovern-amacgovern21@tamu.edu-Female-Russia
75-Gardie-Vanyarkin-gvanyarkin22@sogou.com-Male-China
76-Abbey-Hylands-ahylands23@booking.com-Male-Philippines
77-Darrelle-Deave-ddeave24@privacy.gov.au-Female-"South Africa"
78-Langsdon-Brundill-lbrundill25@ft.com-Male-"United States"
79-Willy-Scutts-wscutts26@ftc.gov-Male-Uganda
80-Ansel-Carlens-acarlens27@gravatar.com-Male-Brazil
81-Hillary-Uphill-huphill28@ebay.com-Male-Honduras
82-Cari-Tousy-ctousy29@liveinternet.ru-Female-Poland
83-Helenelizabeth-Gussin-hgussin2a@mac.com-Female-Brazil
84-Yolanda-Grouvel-ygrouvel2b@parallels.com-Female-Malaysia
85-Malchy-Yurkin-myurkin2c@microsoft.com-Male-Nigeria
86-Sylvia-Hillum-shillum2d@qq.com-Female-Russia
87-Delphinia-Hylton-dhylton2e@skyrock.com-Female-Peru
88-Ban-Joutapaitis-bjoutapaitis2f@mit.edu-Male-Kenya
89-Amandie-Rozzier-arozzier2g@europa.eu-Female-China
90-Berkeley-Caulkett-bcaulkett2h@joomla.org-Male-Sweden
91-Donny-Giacovetti-dgiacovetti2i@shinystat.com-Male-"Central African Republic"
92-Horacio-Pinard-hpinard2j@alibaba.com-Male-France
93-Heddie-Glastonbury-hglastonbury2k@china.com.cn-Female-China
94-Berte-Trethowan-btrethowan2l@mlb.com-Female-Peru
95-Sher-Ormes-sormes2m@samsung.com-Female-China
96-Mortie-Tams-mtams2n@google.nl-Male-Vietnam
97-Marisa-Bursnall-mbursnall2o@apache.org-Female-Indonesia
98-Karyl-Sickling-ksickling2p@noaa.gov-Female-Poland
99-Chan-Lunny-clunny2q@pinterest.com-Male-Iran
100-Thaddeus-Satterfitt-tsatterfitt2r@free.fr-Male-Japan
101-Arlette-Ewing-aewing2s@joomla.org-Female-Venezuela
102-Chip-Lydden-clydden2t@desdev.cn-Male-Japan
103-Sebastian-Tedahl-stedahl2u@instagram.com-Male-Indonesia
104-Dolores-Delea-ddelea2v@va.gov-Female-Portugal
105-Nollie-MacMichael-nmacmichael2w@spotify.com-Male-China
106-Geneva-Gisburne-ggisburne2x@comcast.net-Female-Argentina
107-Clint-Cork-ccork2y@irs.gov-Male-Indonesia
108-Sarajane-Jakubowski-sjakubowski2z@fotki.com-Female-Montenegro
109-Dulcine-Aindrais-daindrais30@ftc.gov-Female-Greece
110-Domenic-Linge-dlinge31@omniture.com-Male-Poland
111-Jacquelyn-Sloegrave-jsloegrave32@csmonitor.com-Female-Philippines
112-Nehemiah-Sywell-nsywell33@unc.edu-Male-Ireland
113-Ilsa-Gutman-igutman34@google.de-Female-"Western Sahara"
114-Carin-Laurand-claurand35@loc.gov-Female-Portugal
115-Ermengarde-Mepham-emepham36@noaa.gov-Female-France
116-Cahra-Donalson-cdonalson37@usatoday.com-Female-"Dominican Republic"
117-Powell-Mustchin-pmustchin38@admin.ch-Male-Peru
118-Darcey-Newland-dnewland39@usa.gov-Female-Guatemala
119-Marilee-MacGee-mmacgee3a@indiegogo.com-Female-China
120-Mel-Agostini-magostini3b@mail.ru-Female-"South Africa"
121-Rahal-Foster-Smith-rfostersmith3c@eventbrite.com-Female-Malta
122-Constantine-Flanne-cflanne3d@nsw.gov.au-Female-Peru
123-Araldo-Temby-atemby3e@go.com-Male-"Czech Republic"
124-Prissie-Marcq-pmarcq3f@ebay.co.uk-Female-Russia
125-Othella-Durbyn-odurbyn3g@nbcnews.com-Female-Philippines
126-Leonardo-Santora-lsantora3h@mlb.com-Male-France
127-Noah-Tombleson-ntombleson3i@yahoo.com-Male-"Palestinian Territory"
128-Myrta-"De La Salle"-mdelasalle3j@gizmodo.com-Female-China
129-Romain-Hargess-rhargess3k@geocities.jp-Male-Indonesia
130-Pearline-Quye-pquye3l@sbwire.com-Female-Sweden
131-Charlene-Neame-cneame3m@kickstarter.com-Female-Poland
132-Cornelius-Winckle-cwinckle3n@ted.com-Male-Portugal
133-Dorena-MacFadzan-dmacfadzan3o@multiply.com-Female-Portugal
134-Lamar-Alker-lalker3p@zdnet.com-Male-"United States"
135-Culley-Pountain-cpountain3q@boston.com-Male-China
136-Blanche-Dearnaly-bdearnaly3r@123-reg.co.uk-Female-France
137-Ibby-Trenholm-itrenholm3s@simplemachines.org-Female-Mexico
138-Brewster-Shaefer-bshaefer3t@t.co-Male-Taiwan
139-Dorie-Roark-droark3u@alibaba.com-Male-Russia
140-Pavel-Linstead-plinstead3v@berkeley.edu-Male-China
141-Donall-Bowry-dbowry3w@reference.com-Male-Indonesia
142-Letta-Camlin-lcamlin3x@squarespace.com-Female-China
143-Laurel-Renne-lrenne3y@freewebs.com-Female-Mexico
144-Noelani-Trudgeon-ntrudgeon3z@taobao.com-Female-"Czech Republic"
145-Urbano-Milnthorpe-umilnthorpe40@t-online.de-Male-China
146-Jaquith-Funnell-jfunnell41@discovery.com-Female-"United States"
147-Caspar-Campey-ccampey42@woothemes.com-Male-Vietnam
148-Niko-Lummus-nlummus43@howstuffworks.com-Male-France
149-Kermit-Bootman-kbootman44@opensource.org-Male-"Costa Rica"
150-Torin-Hutchason-thutchason45@goodreads.com-Male-Greece
151-Antons-Mollon-amollon46@weebly.com-Male-China
152-Lindsy-covino-lcovino47@netlog.com-Female-"Palestinian Territory"
153-Licha-Drake-ldrake48@cdbaby.com-Female-Canada
154-Linc-Gailor-lgailor49@skyrock.com-Male-Brazil
155-Malinda-Riddiough-mriddiough4a@plala.or.jp-Female-Albania
156-Royall-Layson-rlayson4b@sogou.com-Male-Guam
157-Greg-Mourant-gmourant4c@amazonaws.com-Male-Russia
158-Sylvester-Diack-sdiack4d@soundcloud.com-Male-Armenia
159-Demetris-Geaves-dgeaves4e@hubpages.com-Male-Nepal
160-Kincaid-Godfree-kgodfree4f@ocn.ne.jp-Male-"United States"
161-Lulu-Riquet-lriquet4g@seattletimes.com-Female-Lithuania
162-Hill-Hast-hhast4h@intel.com-Male-Jordan
163-Maisey-D'Emanuele-mdemanuele4i@gizmodo.com-Female-China
164-Erminie-Mingaud-emingaud4j@blogger.com-Female-Philippines
165-Freemon-Lawfull-flawfull4k@washington.edu-Male-Japan
166-Natalee-Jimpson-njimpson4l@opensource.org-Female-China
167-Olvan-Hurcombe-ohurcombe4m@discuz.net-Male-Japan
168-Dal-Judd-djudd4n@google.pl-Male-Portugal
169-Sol-Boothebie-sboothebie4o@prlog.org-Male-China
170-Noble-Sigert-nsigert4p@craigslist.org-Male-China
171-Althea-Bilofsky-abilofsky4q@dropbox.com-Female-Sweden
172-Glynnis-Wyllcock-gwyllcock4r@ow.ly-Female-Kuwait
173-Stacee-Pantridge-spantridge4s@surveymonkey.com-Male-Russia
174-Goraud-Mouton-gmouton4t@aboutads.info-Male-"Palestinian Territory"
175-Tynan-Langthorne-tlangthorne4u@studiopress.com-Male-Netherlands
176-Tad-Tithacott-ttithacott4v@drupal.org-Male-Netherlands
177-Karrie-Bewlay-kbewlay4w@nymag.com-Female-Kazakhstan
178-Estella-Pionter-epionter4x@scribd.com-Female-Finland
179-D'arcy-Prestwich-dprestwich4y@google.co.jp-Male-"Czech Republic"
180-Brigida-Boothroyd-bboothroyd4z@craigslist.org-Female-Philippines
181-Caitlin-Brundle-cbrundle50@privacy.gov.au-Female-Iraq
182-Evelyn-"Van Arsdall"-evanarsdall51@amazonaws.com-Female-Philippines
183-Regina-Gunney-rgunney52@geocities.jp-Female-Nigeria
184-Marcelle-Struthers-mstruthers53@addthis.com-Female-Nigeria
185-Dionne-Goody-dgoody54@china.com.cn-Female-Indonesia
186-Barty-Blackborow-bblackborow55@deviantart.com-Male-Kazakhstan
187-Reamonn-MacNalley-rmacnalley56@nydailynews.com-Male-"New Zealand"
188-Schuyler-Bodleigh-sbodleigh57@nbcnews.com-Male-Brazil
189-Lynette-Pegrum-lpegrum58@a8.net-Female-Portugal
190-Jacynth-Ickovitz-jickovitz59@technorati.com-Female-Poland
191-Alvina-Garci-agarci5a@newsvine.com-Female-Pakistan
192-Cleon-"De Santos"-cdesantos5b@archive.org-Male-Brazil
193-Siana-Hallyburton-shallyburton5c@hhs.gov-Female-Brazil
194-Nita-Zanettini-nzanettini5d@sciencedirect.com-Female-Russia
195-Juliane-Leckenby-jleckenby5e@patch.com-Female-China
196-Ingeberg-Merigeau-imerigeau5f@youku.com-Female-Indonesia
197-Luelle-Jorat-ljorat5g@dion.ne.jp-Female-Egypt
198-Isa-Polkinghorne-ipolkinghorne5h@miitbeian.gov.cn-Male-Indonesia
199-Constantine-Santon-csanton5i@utexas.edu-Male-Philippines
200-Nicola-Scotts-nscotts5j@trellian.com-Male-China
201-Hi-Rebert-hrebert5k@cocolog-nifty.com-Male-Thailand
202-Rafe-Eisig-reisig5l@furl.net-Male-Sweden
203-Rubie-"Le Gallo"-rlegallo5m@ow.ly-Female-China
204-Norry-Klas-nklas5n@goodreads.com-Male-Libya
205-Madison-Halse-mhalse5o@yolasite.com-Male-Argentina
206-Audre-Hawkridge-ahawkridge5p@go.com-Female-Russia
207-Park-Jurzyk-pjurzyk5q@squarespace.com-Male-Japan
208-Rooney-Cottis-rcottis5r@ca.gov-Male-Russia
209-Enrica-Brunesco-ebrunesco5s@is.gd-Female-Portugal
210-Ardys-Madill-amadill5t@ow.ly-Female-Greece
211-Quinn-Burnitt-qburnitt5u@creativecommons.org-Female-China
212-Bliss-Ferrucci-bferrucci5v@google.it-Female-Eritrea
213-Tymothy-Cagan-tcagan5w@usnews.com-Male-Russia
214-Felicdad-Alldritt-falldritt5x@usatoday.com-Female-Pakistan
215-Jackelyn-Onians-jonians5y@wikipedia.org-Female-Jamaica
216-Karlen-Rous-krous5z@typepad.com-Female-Indonesia
217-Murdock-Standeven-mstandeven60@mtv.com-Male-Sweden
218-Clarance-Blackburn-cblackburn61@joomla.org-Male-Sweden
219-Jose-Flannigan-jflannigan62@flavors.me-Male-China
220-Dante-Woodyatt-dwoodyatt63@shutterfly.com-Male-China
221-Kris-Conant-kconant64@behance.net-Male-Croatia
222-Henrieta-Cowgill-hcowgill65@time.com-Female-Yemen
223-Gerrie-Genthner-ggenthner66@un.org-Male-China
224-Denice-Goodluck-dgoodluck67@wsj.com-Female-Indonesia
225-Florette-Donne-fdonne68@privacy.gov.au-Female-Armenia
226-Melosa-Bagott-mbagott69@kickstarter.com-Female-China
227-Llewellyn-Pargent-lpargent6a@psu.edu-Male-Japan
228-Albrecht-Howard-ahoward6b@ning.com-Male-Venezuela
229-Atlanta-Gooderidge-agooderidge6c@nsw.gov.au-Female-Ukraine
230-Donnie-Scougal-dscougal6d@scientificamerican.com-Male-Malawi
231-Beverly-Ablitt-bablitt6e@godaddy.com-Female-China
232-Susann-Yeardley-syeardley6f@unc.edu-Female-Yemen
233-Gates-Charman-gcharman6g@macromedia.com-Female-Haiti
234-Meredithe-Pollen-mpollen6h@bravesites.com-Female-China
235-Lynne-Gambles-lgambles6i@dell.com-Female-Indonesia
236-Garey-Squibbes-gsquibbes6j@gizmodo.com-Male-Philippines
237-Moina-Oller-moller6k@squarespace.com-Female-Canada
238-Trevor-Fiander-tfiander6l@tmall.com-Male-Brazil
239-Justinn-Plumstead-jplumstead6m@ucla.edu-Female-Indonesia
240-Lynett-Fleckno-lfleckno6n@xinhuanet.com-Female-"United States"
241-Jacquenetta-Stouther-jstouther6o@paypal.com-Female-China
242-Krystle-Gleeton-kgleeton6p@admin.ch-Female-Canada
243-Hildagard-McGowran-hmcgowran6q@sciencedaily.com-Female-Indonesia
244-Lizbeth-Tummons-ltummons6r@eepurl.com-Female-Ukraine
245-Josiah-Moir-jmoir6s@w3.org-Male-"United States"
246-Bethanne-Tonna-btonna6t@de.vu-Female-Indonesia
247-Melisenda-Avrahm-mavrahm6u@mysql.com-Female-Indonesia
248-Melvin-Crevagh-mcrevagh6v@deviantart.com-Male-Philippines
249-Orazio-Flieger-oflieger6w@foxnews.com-Male-Indonesia
250-Harald-Tidbald-htidbald6x@forbes.com-Male-Egypt
251-Stephanus-Fike-sfike6y@slideshare.net-Male-Argentina
252-Mallory-Sweetnam-msweetnam6z@chicagotribune.com-Male-Philippines
253-Stern-Fredy-sfredy70@cloudflare.com-Male-China
254-Reinald-Toller-rtoller71@stanford.edu-Male-Indonesia
255-Mollie-Tewkesberry-mtewkesberry72@cbslocal.com-Female-Venezuela
256-Hilda-Chrichton-hchrichton73@dell.com-Female-Russia
257-Sig-Jauncey-sjauncey74@purevolume.com-Male-"Czech Republic"
258-Calla-Tatershall-ctatershall75@reuters.com-Female-Finland
259-Warde-Soares-wsoares76@cocolog-nifty.com-Male-"New Zealand"
260-Lyndsay-Bumpass-lbumpass77@free.fr-Female-Brazil
261-Oswald-Kmicicki-okmicicki78@google.fr-Male-"Sierra Leone"
262-Barbara-Nissle-bnissle79@php.net-Female-Macedonia
263-Wendell-Beecraft-wbeecraft7a@ifeng.com-Male-Djibouti
264-Silvano-Miners-sminers7b@delicious.com-Male-China
265-Vallie-Graham-vgraham7c@ifeng.com-Female-Peru
266-Waylon-Allsop-wallsop7d@goo.ne.jp-Male-Brazil
267-Alikee-Maciejak-amaciejak7e@hp.com-Female-China
268-Adolphe-Filyakov-afilyakov7f@google.de-Male-Taiwan
269-Kelcy-Ivanichev-kivanichev7g@princeton.edu-Female-"Czech Republic"
270-Simone-McNysche-smcnysche7h@seesaa.net-Male-"South Africa"
271-Ruthann-Bolt-rbolt7i@ebay.com-Female-Philippines
272-Tammara-Mendonca-tmendonca7j@clickbank.net-Female-Indonesia
273-Flemming-Surgeoner-fsurgeoner7k@istockphoto.com-Male-Indonesia
274-Jeth-Oxburgh-joxburgh7l@booking.com-Male-Tunisia
275-Garner-Giamitti-ggiamitti7m@ebay.com-Male-France
276-Marmaduke-Jarrold-mjarrold7n@cnet.com-Male-"South Africa"
277-Wendeline-Jess-wjess7o@huffingtonpost.com-Female-Argentina
278-Katalin-Joney-kjoney7p@howstuffworks.com-Female-Netherlands
279-Pascal-Lidbetter-plidbetter7q@wordpress.com-Male-China
280-Sadella-Covelle-scovelle7r@newyorker.com-Female-"United States"
281-Neile-Sedgeman-nsedgeman7s@w3.org-Female-Finland
282-Henry-Blumsom-hblumsom7t@senate.gov-Male-Indonesia
283-Anna-maria-Stuer-astuer7u@tiny.cc-Female-Indonesia
284-Leda-Seamarke-lseamarke7v@sciencedirect.com-Female-Indonesia
285-Glenn-Ranfield-granfield7w@cnn.com-Male-Albania
286-Stacee-Mielnik-smielnik7x@weather.com-Female-Russia
287-Larissa-Probbing-lprobbing7y@cbc.ca-Female-Sweden
288-Xymenes-Helstrip-xhelstrip7z@cisco.com-Male-Indonesia
289-Austina-Hickeringill-ahickeringill80@ezinearticles.com-Female-Portugal
290-Jacques-Bourdis-jbourdis81@hao123.com-Male-Argentina
291-Adolphe-Sokale-asokale82@umich.edu-Male-Poland
292-Iona-Menghi-imenghi83@tamu.edu-Female-Indonesia
293-Dalis-Crossland-dcrossland84@latimes.com-Male-Turkmenistan
294-Sally-Skeleton-sskeleton85@squidoo.com-Female-"South Africa"
295-Teddie-Yakebowitch-tyakebowitch86@acquirethisname.com-Female-Zimbabwe
296-Elwin-Proger-eproger87@mysql.com-Male-Philippines
297-Alie-Lumbly-alumbly88@nature.com-Female-Indonesia
298-Evelin-Evreux-eevreux89@timesonline.co.uk-Male-Malaysia
299-Arda-Mollitt-amollitt8a@gnu.org-Female-Indonesia
300-Chrysa-Silveston-csilveston8b@xing.com-Female-France
301-Chandler-Breens-cbreens8c@deliciousdays.com-Male-Japan
302-Karol-Clissell-kclissell8d@mysql.com-Female-Argentina
303-Vinnie-Beavington-vbeavington8e@rediff.com-Male-Indonesia
304-Bonnibelle-Sibun-bsibun8f@i2i.jp-Female-France
305-Royall-Antoniak-rantoniak8g@mozilla.org-Male-Ukraine
306-Horatius-Vannini-hvannini8h@mediafire.com-Male-China
307-Gwenny-Bancroft-gbancroft8i@miitbeian.gov.cn-Female-China
308-Lizette-Wogan-lwogan8j@globo.com-Female-Kazakhstan
309-Daria-Blakely-dblakely8k@unicef.org-Female-Haiti
310-Darnall-Eskriett-deskriett8l@free.fr-Male-Indonesia
311-Kermy-Vasilyev-kvasilyev8m@hugedomains.com-Male-Poland
312-Erhard-Nuss-enuss8n@vistaprint.com-Male-Sweden
313-Lily-Sudy-lsudy8o@vistaprint.com-Female-Greece
314-Moss-Trafford-mtrafford8p@privacy.gov.au-Male-China
315-Brocky-Winspire-bwinspire8q@bandcamp.com-Male-Philippines
316-Dulci-Jansson-djansson8r@sphinn.com-Female-Indonesia
317-Dorella-Blondell-dblondell8s@gov.uk-Female-Poland
318-Robinson-O'Rowane-rorowane8t@goodreads.com-Male-Russia
319-Demeter-Perceval-dperceval8u@timesonline.co.uk-Female-Vietnam
320-Chan-Shuker-cshuker8v@vimeo.com-Male-Argentina
321-Barbara-Lewin-blewin8w@homestead.com-Female-"Czech Republic"
322-Arnoldo-Ferens-aferens8x@opera.com-Male-Thailand
323-Lorrin-Scrange-lscrange8y@go.com-Female-Poland
324-Justen-Egginson-jegginson8z@ovh.net-Male-Indonesia
325-Feliks-Fowler-ffowler90@is.gd-Male-Serbia
326-Dilly-Barosch-dbarosch91@feedburner.com-Male-Argentina
327-Beniamino-Dawidowitz-bdawidowitz92@joomla.org-Male-Brazil
328-Horten-Cossington-hcossington93@economist.com-Male-China
329-Michele-Mallabund-mmallabund94@irs.gov-Male-Australia
330-Kimble-Hinge-khinge95@hud.gov-Male-Egypt
331-Rasla-Golby-rgolby96@hhs.gov-Female-Indonesia
332-Corrinne-Dally-cdally97@i2i.jp-Female-Indonesia
333-Emmalee-Castanho-ecastanho98@vimeo.com-Female-Thailand
334-Jaynell-Cometti-jcometti99@ifeng.com-Female-Indonesia
335-Aguistin-Saunter-asaunter9a@prlog.org-Male-Russia
336-Chauncey-Haliburn-chaliburn9b@tuttocitta.it-Male-Philippines
337-Huntington-Maylor-hmaylor9c@weibo.com-Male-Brazil
338-Jdavie-McCusker-jmccusker9d@engadget.com-Male-Nigeria
339-Herold-Greenstock-hgreenstock9e@privacy.gov.au-Male-China
340-Gunar-Dossett-gdossett9f@about.me-Male-Iran
341-Reinaldo-Barson-rbarson9g@studiopress.com-Male-France
342-Clayborne-Wesson-cwesson9h@kickstarter.com-Male-China
343-Renata-Deares-rdeares9i@amazon.com-Female-China
344-Aviva-Endle-aendle9j@ucoz.ru-Female-Iran
345-Dane-Tuny-dtuny9k@pinterest.com-Male-Canada
346-Kelcie-Rakes-krakes9l@yahoo.co.jp-Female-Malawi
347-Shela-Silcox-ssilcox9m@disqus.com-Female-Ireland
348-Virginie-Denes-vdenes9n@bandcamp.com-Female-"United States"
349-Noel-Fynan-nfynan9o@webmd.com-Female-"South Africa"
350-Lian-Craik-lcraik9p@google.com.hk-Female-Russia
351-Susy-Ingham-singham9q@earthlink.net-Female-China
352-Pierre-Stollsteiner-pstollsteiner9r@oaic.gov.au-Male-China
353-Sukey-Enston-senston9s@liveinternet.ru-Female-Philippines
354-Ingrim-Vittery-ivittery9t@theatlantic.com-Male-Ukraine
355-Helli-Rivitt-hrivitt9u@dell.com-Female-Tanzania
356-Ula-Dymond-udymond9v@va.gov-Female-Sweden
357-Lazare-Divine-ldivine9w@discovery.com-Male-Vietnam
358-Domini-Learned-dlearned9x@howstuffworks.com-Female-Indonesia
359-Dredi-Yoell-dyoell9y@answers.com-Female-Russia
360-Aileen-Trewhitt-atrewhitt9z@icio.us-Female-Azerbaijan
361-Craggie-Iffe-ciffea0@quantcast.com-Male-"Papua New Guinea"
362-Marietta-Coraini-mcorainia1@deliciousdays.com-Male-Indonesia
363-Christoforo-Giamitti-cgiamittia2@topsy.com-Male-Israel
364-Zaria-Blamphin-zblamphina3@trellian.com-Female-France
365-Sanford-Moff-smoffa4@purevolume.com-Male-Philippines
366-Patricia-Jedrys-pjedrysa5@telegraph.co.uk-Female-Peru
367-Lewes-Dradey-ldradeya6@cmu.edu-Male-"Costa Rica"
368-Jasun-Brumbie-jbrumbiea7@patch.com-Male-China
369-Debor-Jedrachowicz-djedrachowicza8@etsy.com-Female-Tajikistan
370-Buckie-Netting-bnettinga9@desdev.cn-Male-China
371-Anthony-Nardoni-anardoniaa@cmu.edu-Male-Indonesia
372-Britteny-Bourgour-bbourgourab@psu.edu-Female-Sweden
373-Jeth-Senett-jsenettac@ocn.ne.jp-Male-Brazil
374-Janos-Dieton-jdietonad@google.com.br-Male-Israel
375-Andrey-Trew-atrewae@g.co-Male-France
376-Rolfe-Hulcoop-rhulcoopaf@si.edu-Male-Indonesia
377-Harv-Baptista-hbaptistaag@nasa.gov-Male-"Central African Republic"
378-Hartwell-Espie-hespieah@nifty.com-Male-China
379-Sloan-Copello-scopelloai@yahoo.co.jp-Male-Russia
380-Margaret-Look-mlookaj@businesswire.com-Female-China
381-Isabeau-Charlton-icharltonak@jiathis.com-Female-China
382-Svend-Raincin-sraincinal@mapquest.com-Male-Cyprus
383-Gael-Creavin-gcreavinam@imdb.com-Male-Philippines
384-Wayne-Boot-wbootan@state.tx.us-Male-Armenia
385-Janessa-Senn-jsennao@census.gov-Female-Serbia
386-Viola-Cornejo-vcornejoap@ted.com-Female-Ukraine
387-Cirillo-Rannells-crannellsaq@digg.com-Male-Portugal
388-Eugene-Megroff-emegroffar@spiegel.de-Male-Portugal
389-Mignonne-Reynolds-mreynoldsas@zdnet.com-Female-Portugal
390-Wake-Ox-woxat@narod.ru-Male-Poland
391-Vilhelmina-Iacovaccio-viacovaccioau@miitbeian.gov.cn-Female-Japan
392-Jeffrey-Caramuscia-jcaramusciaav@un.org-Male-China
393-Modesty-Jepps-mjeppsaw@bizjournals.com-Female-Greece
394-Fletcher-Ollerton-follertonax@odnoklassniki.ru-Male-Philippines
395-Averell-Kener-akeneray@eepurl.com-Male-Philippines
396-Robinet-Verbrugge-rverbruggeaz@rambler.ru-Female-China
397-Cassandra-Martell-cmartellb0@oracle.com-Female-Philippines
398-Frazer-Bradden-fbraddenb1@list-manage.com-Male-Brazil
399-Carmelita-Ellesmere-cellesmereb2@hc360.com-Female-Indonesia
400-Wallis-Riggey-wriggeyb3@zdnet.com-Female-Ukraine
401-Andonis-Rex-arexb4@dailymail.co.uk-Male-Japan
402-Isak-Matteris-imatterisb5@issuu.com-Male-"Czech Republic"
403-Fairlie-Greiser-fgreiserb6@japanpost.jp-Male-Philippines
404-Jacky-Viger-jvigerb7@furl.net-Male-Indonesia
405-Lee-Domenici-ldomenicib8@forbes.com-Male-Philippines
406-Glynis-Hanna-ghannab9@tinyurl.com-Female-Ethiopia
407-Woody-Chatelain-wchatelainba@arizona.edu-Male-"United States"
408-Nananne-Baldocci-nbaldoccibb@posterous.com-Female-Malaysia
409-Angelique-Flury-aflurybc@wp.com-Female-France
410-Hyacinthe-Sola-hsolabd@wunderground.com-Female-Indonesia
411-Zeke-Milliken-zmillikenbe@ted.com-Male-Portugal
412-Gayla-Harbisher-gharbisherbf@cocolog-nifty.com-Female-Georgia
413-Joaquin-Ivshin-jivshinbg@psu.edu-Male-Poland
414-Merrily-Bresnahan-mbresnahanbh@51.la-Female-Maldives
415-Andres-Wight-awightbi@com.com-Male-China
416-Frances-Conduit-fconduitbj@jugem.jp-Female-Afghanistan
417-Travis-Zapata-tzapatabk@dedecms.com-Male-China
418-Billi-Neachell-bneachellbl@intel.com-Female-China
419-Kile-Laurenty-klaurentybm@psu.edu-Male-"South Sudan"
420-Wileen-Gilffilland-wgilffillandbn@cbslocal.com-Female-Germany
421-Rickie-MacConneely-rmacconneelybo@mediafire.com-Female-China
422-Ruddie-Eskrick-reskrickbp@technorati.com-Male-Russia
423-Ingemar-Knowlys-iknowlysbq@ox.ac.uk-Male-"South Africa"
424-Jeremie-Plumbe-jplumbebr@mapquest.com-Male-Philippines
425-Damita-Beranek-dberanekbs@state.gov-Female-Egypt
426-Ronalda-Cardno-rcardnobt@bigcartel.com-Female-Morocco
427-Eduino-Oppie-eoppiebu@lulu.com-Male-Netherlands
428-Ignaz-Brounsell-ibrounsellbv@sogou.com-Male-"North Korea"
429-Shir-Pracy-spracybw@columbia.edu-Female-Ukraine
430-Tara-Rash-trashbx@ftc.gov-Female-Peru
431-Rayna-Roswarne-rroswarneby@intel.com-Female-Peru
432-Meris-Durak-mdurakbz@ycombinator.com-Female-Indonesia
433-Raynor-Bennitt-rbennittc0@wordpress.org-Male-Mexico
434-Pauletta-Garmans-pgarmansc1@icq.com-Female-Russia
435-Erminia-Treher-etreherc2@nba.com-Female-China
436-Calla-Viger-cvigerc3@domainmarket.com-Female-Yemen
437-Piggy-Kuzemka-pkuzemkac4@dailymotion.com-Male-Ireland
438-Ulysses-Lindstedt-ulindstedtc5@facebook.com-Male-China
439-Wald-Lindenblatt-wlindenblattc6@bluehost.com-Male-France
440-Fifine-Celli-fcellic7@sakura.ne.jp-Female-Indonesia
441-Lincoln-Lindsay-llindsayc8@hibu.com-Male-Australia
442-Marion-Jocelyn-mjocelync9@smh.com.au-Female-Croatia
443-Isabel-Walewski-iwalewskica@typepad.com-Female-Peru
444-Binnie-Ruske-bruskecb@indiegogo.com-Female-China
445-Kendricks-Stonman-kstonmancc@alibaba.com-Male-"United States"
446-Farlay-Waumsley-fwaumsleycd@tripadvisor.com-Male-Russia
447-Ezri-Moens-emoensce@comcast.net-Male-China
448-Helsa-Pointon-hpointoncf@dailymail.co.uk-Female-"Czech Republic"
449-Alyss-Duding-adudingcg@xrea.com-Female-China
450-Ahmed-Helleckas-ahelleckasch@miibeian.gov.cn-Male-China
451-Marquita-Boyton-mboytonci@twitpic.com-Female-"Sierra Leone"
452-Genevra-Challinor-gchallinorcj@hao123.com-Female-Philippines
453-Thomas-Bricket-tbricketck@jigsy.com-Male-Peru
454-Mirelle-Earpe-mearpecl@utexas.edu-Female-China
455-Diann-Simper-dsimpercm@issuu.com-Female-Sweden
456-Ring-Hardwich-rhardwichcn@addthis.com-Male-Brazil
457-Albert-Divver-adivverco@examiner.com-Male-China
458-Flor-O'Dee-fodeecp@wiley.com-Female-Russia
459-Westleigh-Cairns-wcairnscq@blog.com-Male-Indonesia
460-Ulric-Wibrew-uwibrewcr@oaic.gov.au-Male-Zambia
461-Gauthier-Biscomb-gbiscombcs@wsj.com-Male-Poland
462-Pooh-Harron-pharronct@ow.ly-Female-Peru
463-Adriane-Challes-achallescu@phoca.cz-Female-Ukraine
464-Stefanie-Plak-splakcv@topsy.com-Female-Philippines
465-Drugi-Playle-dplaylecw@purevolume.com-Male-Indonesia
466-Sandra-Blennerhassett-sblennerhassettcx@e-recht24.de-Female-Indonesia
467-Rusty-Aldwick-raldwickcy@intel.com-Male-Greece
468-Staci-Folomkin-sfolomkincz@mapy.cz-Female-Mexico
469-Aridatha-Simmance-asimmanced0@g.co-Female-Finland
470-Angil-Laflin-alaflind1@go.com-Female-Uganda
471-Iorgo-Brumham-ibrumhamd2@weebly.com-Male-China
472-Pall-Matton-pmattond3@123-reg.co.uk-Male-Thailand
473-Arch-Braxton-abraxtond4@psu.edu-Male-"Democratic Republic of the Congo"
474-Bernard-Morphew-bmorphewd5@nasa.gov-Male-"Czech Republic"
475-Dav-Rozalski-drozalskid6@oracle.com-Male-Ecuador
476-Garey-Dukelow-gdukelowd7@icio.us-Male-Tunisia
477-Debby-Cunniffe-dcunniffed8@dagondesign.com-Female-Malawi
478-Joceline-Keizman-jkeizmand9@plala.or.jp-Female-Niger
479-Ogden-Potticary-opotticaryda@npr.org-Male-China
480-Becki-Camier-bcamierdb@samsung.com-Female-Philippines
481-Lionello-Bury-lburydc@noaa.gov-Male-Uganda
482-Tammie-Cable-tcabledd@webs.com-Female-Panama
483-Pier-Tickle-pticklede@webnode.com-Female-Comoros
484-Ira-Duke-idukedf@engadget.com-Female-Uganda
485-Anne-Richten-arichtendg@simplemachines.org-Female-China
486-Freddy-Gathercoal-fgathercoaldh@delicious.com-Male-Denmark
487-Loretta-Postance-lpostancedi@blog.com-Female-Indonesia
488-Ulberto-Woodberry-uwoodberrydj@time.com-Male-Uganda
489-Delora-Rubertelli-drubertellidk@discovery.com-Female-Reunion
490-Serene-Crosswaite-scrosswaitedl@usnews.com-Female-Philippines
491-Alicia-Parkes-aparkesdm@cocolog-nifty.com-Female-China
492-Tam-Wickardt-twickardtdn@alexa.com-Male-Indonesia
493-Dilly-Errington-derringtondo@slate.com-Male-Poland
494-Beverlie-Spilsbury-bspilsburydp@gnu.org-Female-Australia
495-Freddie-Gold-fgolddq@cdbaby.com-Female-Germany
496-Rodrick-Sincock-rsincockdr@yellowpages.com-Male-Ireland
497-Andie-Luckin-aluckinds@sbwire.com-Male-Thailand
498-Nan-Dilland-ndillanddt@weibo.com-Female-"United States"
499-Tedman-Vasyushkhin-tvasyushkhindu@telegraph.co.uk-Male-Indonesia
500-Kamila-Pasque-kpasquedv@aol.com-Female-"South Korea"
501-Flori-Bamford-fbamforddw@squarespace.com-Female-Latvia
502-Hunter-Matveiko-hmatveikodx@dailymotion.com-Male-Portugal
503-Mechelle-Eller-mellerdy@house.gov-Female-France
504-Ethelind-Balducci-ebalduccidz@meetup.com-Female-Venezuela
505-Jonathon-Favela-jfavelae0@jiathis.com-Male-China
506-Jeffrey-Tedstone-jtedstonee1@usgs.gov-Male-Russia
507-Pat-Paton-ppatone2@weibo.com-Female-Tunisia
508-Xymenes-Peasee-xpeaseee3@bizjournals.com-Male-Japan
509-Nefen-Duding-ndudinge4@businesswire.com-Male-Indonesia
510-Margarethe-Stower-mstowere5@dell.com-Female-Brazil
511-Gaven-Rosten-grostene6@acquirethisname.com-Male-Poland
512-Natala-Waiting-nwaitinge7@google.de-Female-Indonesia
513-Warner-Lebreton-wlebretone8@springer.com-Male-Chile
514-Giustino-Lince-glincee9@techcrunch.com-Male-"South Africa"
515-Filberte-Billsberry-fbillsberryea@illinois.edu-Male-"Czech Republic"
516-Pincus-Collop-pcollopeb@php.net-Male-China
517-Heriberto-MacKibbon-hmackibbonec@typepad.com-Male-Belarus
518-Oliviero-Boord-oboorded@jiathis.com-Male-Serbia
519-Tracee-Dark-tdarkee@princeton.edu-Female-Botswana
520-Fifi-Timmes-ftimmesef@marriott.com-Female-Poland
521-Tome-Adelman-tadelmaneg@cloudflare.com-Male-Brazil
522-Xever-Gotliffe-xgotliffeeh@disqus.com-Male-Ireland
523-Cash-Kibbey-ckibbeyei@about.com-Male-Uzbekistan
524-Norrie-Turnpenny-nturnpennyej@home.pl-Female-China
525-Vaughan-Hayes-vhayesek@nps.gov-Male-Uruguay
526-Lavina-Cabotto-lcabottoel@spiegel.de-Female-"South Korea"
527-Tyne-Byrcher-tbyrcherem@printfriendly.com-Female-Indonesia
528-Rem-Yoakley-ryoakleyen@salon.com-Male-Armenia
529-Carver-Karpychev-ckarpycheveo@newsvine.com-Male-Sweden
530-Greg-"St Clair"-gstclairep@smugmug.com-Male-Serbia
531-Julie-Burnsall-jburnsalleq@dot.gov-Male-Russia
532-Paxon-Kleinert-pkleinerter@51.la-Male-Indonesia
533-Alicea-Goldsack-agoldsackes@squidoo.com-Female-China
534-Dietrich-Davis-ddaviset@sbwire.com-Male-China
535-De-Sein-dseineu@phpbb.com-Female-China
536-Brion-Patshull-bpatshullev@guardian.co.uk-Male-Ukraine
537-Valentine-Blackman-vblackmanew@nba.com-Male-Madagascar
538-Hedda-Featherstone-hfeatherstoneex@cargocollective.com-Female-Vietnam
539-Loree-Tiddeman-ltiddemaney@lycos.com-Female-Philippines
540-Micheal-Geratt-mgerattez@virginia.edu-Male-Sweden
541-Fayina-Tester-ftesterf0@go.com-Female-"Czech Republic"
542-Abbi-Stolberg-astolbergf1@google.pl-Female-Lebanon
543-Carlyn-Colliford-ccollifordf2@issuu.com-Female-China
544-Abbe-Sarfati-asarfatif3@patch.com-Female-China
545-Jere-Hebbes-jhebbesf4@freewebs.com-Male-Belarus
546-Hedwiga-Durran-hdurranf5@sphinn.com-Female-Indonesia
547-Bernetta-McDade-bmcdadef6@seesaa.net-Female-"Czech Republic"
548-Josh-Beynke-jbeynkef7@wiley.com-Male-China
549-Consuela-Klaussen-cklaussenf8@shop-pro.jp-Female-China
550-Talia-"Mc Kellen"-tmckellenf9@github.com-Female-Indonesia
551-Shanna-Dumbleton-sdumbletonfa@archive.org-Female-Philippines
552-Sheffield-Drable-sdrablefb@list-manage.com-Male-Indonesia
553-Avram-Kumar-akumarfc@naver.com-Male-Sweden
554-Montgomery-Dirr-mdirrfd@java.com-Male-Indonesia
555-Christine-Adcocks-cadcocksfe@e-recht24.de-Female-China
556-Edeline-Bollard-ebollardff@desdev.cn-Female-Indonesia
557-Gusella-O'Hartagan-gohartaganfg@vimeo.com-Female-Estonia
558-Zebulon-Bickerstaffe-zbickerstaffefh@phpbb.com-Male-China
559-Diena-Coldbath-dcoldbathfi@chronoengine.com-Female-"United States"
560-Stanfield-Chappell-schappellfj@stanford.edu-Male-Honduras
561-Lou-Scollick-lscollickfk@msu.edu-Female-Indonesia
562-Noelle-Berrie-nberriefl@unicef.org-Female-Thailand
563-Dewain-Aughton-daughtonfm@apache.org-Male-Philippines
564-Rudolfo-Messent-rmessentfn@ibm.com-Male-Indonesia
565-Odele-Barizeret-obarizeretfo@mapy.cz-Female-Afghanistan
566-Joycelin-Suter-jsuterfp@about.com-Female-Indonesia
567-Melba-Dufour-mdufourfq@phpbb.com-Female-France
568-Shelby-Gavaran-sgavaranfr@bandcamp.com-Female-China
569-Gisela-Impson-gimpsonfs@virginia.edu-Female-Greece
570-Rowland-Siddons-rsiddonsft@economist.com-Male-Brazil
571-Gaile-Ramberg-grambergfu@etsy.com-Male-Syria
572-Tyson-O'Glessane-toglessanefv@ocn.ne.jp-Male-China
573-Massimiliano-Cuphus-mcuphusfw@jigsy.com-Male-Moldova
574-Sukey-Daniellot-sdaniellotfx@discuz.net-Female-Peru
575-Colet-Anwyl-canwylfy@comsenz.com-Male-Indonesia
576-Rance-Drain-rdrainfz@goo.gl-Male-Ukraine
577-Omar-Deaconson-odeaconsong0@microsoft.com-Male-Brazil
578-Sigismond-Dowse-sdowseg1@harvard.edu-Male-"Wallis and Futuna"
579-Derrek-Sarten-dsarteng2@deviantart.com-Male-Brazil
580-Becca-Aronowitz-baronowitzg3@bbc.co.uk-Female-Morocco
581-Harlie-Mellings-hmellingsg4@hatena.ne.jp-Female-Indonesia
582-Geoffrey-Pevreal-gpevrealg5@ucsd.edu-Male-Colombia
583-Eustace-McMullen-emcmulleng6@wordpress.com-Male-France
584-Arnold-Fligg-afliggg7@slashdot.org-Male-Indonesia
585-Bria-Taggart-btaggartg8@si.edu-Female-"United States"
586-Essa-Orlton-eorltong9@lycos.com-Female-Argentina
587-Dolores-Ludy-dludyga@scientificamerican.com-Female-Netherlands
588-Tiertza-Lindeberg-tlindeberggb@amazon.co.uk-Female-Russia
589-Bernie-Kobpal-bkobpalgc@cdbaby.com-Female-Serbia
590-Rodolphe-Blanpein-rblanpeingd@hhs.gov-Male-China
591-Hayyim-Flieger-hfliegerge@mit.edu-Male-China
592-Mallory-Melmeth-mmelmethgf@cmu.edu-Female-Argentina
593-Lauren-Hof-lhofgg@smh.com.au-Male-Brazil
594-Henderson-"La Padula"-hlapadulagh@furl.net-Male-Bangladesh
595-Eadith-Mitchiner-emitchinergi@moonfruit.com-Female-China
596-Cash-Matzke-cmatzkegj@biblegateway.com-Male-Serbia
597-Kevon-Rigglesford-krigglesfordgk@pinterest.com-Male-Peru
598-Edouard-Yirrell-eyirrellgl@1und1.de-Male-China
599-Helga-Clacey-hclaceygm@pcworld.com-Female-China
600-Nissie-Blazeby-nblazebygn@theglobeandmail.com-Female-China
601-Melisent-Walworth-mwalworthgo@google.com.br-Female-Poland
602-Aimil-Essberger-aessbergergp@google.de-Female-Portugal
603-Georg-MacIlraith-gmacilraithgq@bloomberg.com-Male-"United States"
604-Desiree-Mowsdale-dmowsdalegr@lulu.com-Female-Indonesia
605-Bambie-Conquer-bconquergs@i2i.jp-Female-Macedonia
606-Martin-MacDunlevy-mmacdunlevygt@g.co-Male-Brazil
607-Aharon-Demchen-ademchengu@123-reg.co.uk-Male-"Saudi Arabia"
608-Ellerey-Antunez-eantunezgv@issuu.com-Male-Sweden
609-Fania-Catterick-fcatterickgw@usa.gov-Female-Poland
610-Jayson-Downie-jdowniegx@bravesites.com-Male-Greece
611-Alexandrina-Stannion-astanniongy@bigcartel.com-Female-Peru
612-Koo-Kitcatt-kkitcattgz@economist.com-Female-Mauritania
613-Tobe-Alejandro-talejandroh0@narod.ru-Male-Portugal
614-Stephannie-Balsillie-sbalsillieh1@last.fm-Female-"Czech Republic"
615-Marsiella-Affron-maffronh2@mayoclinic.com-Female-Indonesia
616-Ebenezer-Maas-emaash3@quantcast.com-Male-"United Arab Emirates"
617-Catlee-Brake-cbrakeh4@earthlink.net-Female-Brazil
618-Muffin-Damerell-mdamerellh5@yolasite.com-Male-Ecuador
619-Graehme-Parkyns-gparkynsh6@com.com-Male-"Czech Republic"
620-Aluino-Toal-atoalh7@stanford.edu-Male-Philippines
621-Tiffani-Bartle-tbartleh8@amazon.co.uk-Female-Japan
622-Helsa-Deboo-hdebooh9@oakley.com-Female-Philippines
623-Geoffrey-Leipold-gleipoldha@fda.gov-Male-Philippines
624-Bradney-Leathem-bleathemhb@theatlantic.com-Male-Sweden
625-Jacquetta-MacCrosson-jmaccrossonhc@cornell.edu-Female-China
626-Hamel-Gronauer-hgronauerhd@nba.com-Male-Nigeria
627-Orran-Larive-olarivehe@hibu.com-Male-China
628-Brita-Ajsik-bajsikhf@uiuc.edu-Female-Indonesia
629-Holt-Bend-hbendhg@hostgator.com-Male-Indonesia
630-Waverly-Sheraton-wsheratonhh@salon.com-Male-Philippines
631-Rebekah-Zavattari-rzavattarihi@liveinternet.ru-Female-China
632-Cass-Bale-cbalehj@indiegogo.com-Female-Philippines
633-Averill-Natte-anattehk@eepurl.com-Male-China
634-Patti-Samms-psammshl@ebay.co.uk-Female-Nigeria
635-Becki-Tedridge-btedridgehm@economist.com-Female-China
636-Fred-Harbar-fharbarhn@cbc.ca-Male-Mexico
637-Abbey-Giacobillo-agiacobilloho@tripod.com-Male-Portugal
638-Tobye-Prettyjohns-tprettyjohnshp@ucsd.edu-Female-Yemen
639-Anett-"Le Surf"-alesurfhq@washington.edu-Female-"Costa Rica"
640-Antonio-Haughey-ahaugheyhr@t-online.de-Male-Germany
641-Glennie-Casassa-gcasassahs@engadget.com-Female-Mexico
642-Washington-Sahnow-wsahnowht@adobe.com-Male-"United States"
643-Karlyn-Viles-kvileshu@wp.com-Female-Russia
644-Gaspard-Lagden-glagdenhv@elegantthemes.com-Male-Azerbaijan
645-Tanhya-Joules-tjouleshw@msn.com-Female-China
646-Clarke-Blatcher-cblatcherhx@amazon.co.uk-Male-Bahamas
647-Marlene-Mendenhall-mmendenhallhy@reuters.com-Female-Philippines
648-Ambrosius-Ebrall-aebrallhz@gnu.org-Male-Brazil
649-Alasteir-Rothert-arotherti0@google.co.jp-Male-Poland
650-Cleveland-Lethbridge-clethbridgei1@salon.com-Male-Brazil
651-Larine-Pedrielli-lpedriellii2@sun.com-Female-Italy
652-Adolph-Goodship-agoodshipi3@technorati.com-Male-Kosovo
653-Sorcha-Laboune-slabounei4@latimes.com-Female-China
654-Cecilio-McGillivrie-cmcgillivriei5@dot.gov-Male-Ukraine
655-Gearard-Armatage-garmatagei6@va.gov-Male-Philippines
656-Katlin-Scrauniage-kscrauniagei7@eventbrite.com-Female-Mexico
657-Gardener-Waliszewski-gwaliszewskii8@storify.com-Male-Greece
658-Dominic-Weinham-dweinhami9@examiner.com-Male-Russia
659-Erminie-Kingerby-ekingerbyia@lulu.com-Female-Ukraine
660-Kaitlyn-Cottill-kcottillib@miitbeian.gov.cn-Female-Indonesia
661-Sande-Coling-scolingic@reverbnation.com-Female-China
662-Bobina-Bungey-bbungeyid@mail.ru-Female-Indonesia
663-Augusta-Cheel-acheelie@indiatimes.com-Female-"South Africa"
664-Tabbitha-Elman-telmanif@accuweather.com-Female-China
665-Idelle-Josefson-ijosefsonig@ft.com-Female-Hungary
666-Cristina-Schumacher-cschumacherih@example.com-Female-Indonesia
667-Millisent-Hearfield-mhearfieldii@npr.org-Female-Mayotte
668-Lennie-Bartoszinski-lbartoszinskiij@amazon.com-Male-Indonesia
669-Jocelyn-Harkes-jharkesik@domainmarket.com-Female-Thailand
670-Yves-Fellowes-yfellowesil@posterous.com-Male-Sweden
671-Gisela-Dowzell-gdowzellim@typepad.com-Female-Canada
672-Jourdain-Carlisi-jcarlisiin@google.fr-Male-China
673-Dimitri-Rodger-drodgerio@cloudflare.com-Male-China
674-Remus-Whitton-rwhittonip@qq.com-Male-China
675-Rodrick-Dibnah-rdibnahiq@artisteer.com-Male-Indonesia
676-Felicle-Dilks-fdilksir@examiner.com-Female-Indonesia
677-Florry-Fairbridge-ffairbridgeis@comcast.net-Female-"Bosnia and Herzegovina"
678-Dorri-Sainsberry-dsainsberryit@fc2.com-Female-Spain
679-Mattheus-Alban-malbaniu@thetimes.co.uk-Male-China
680-Celinka-Najera-cnajeraiv@ucsd.edu-Female-China
681-Taylor-Hazel-thazeliw@europa.eu-Male-Russia
682-Mirella-Skures-mskuresix@multiply.com-Female-China
683-Sigismond-Rue-srueiy@aol.com-Male-Philippines
684-Jefferey-Leaves-jleavesiz@skyrock.com-Male-Sweden
685-Trenna-Negro-tnegroj0@odnoklassniki.ru-Female-Cameroon
686-Amberly-Edwins-aedwinsj1@over-blog.com-Female-Brazil
687-Wilfred-Scoggan-wscogganj2@github.com-Male-Croatia
688-Piggy-Frend-pfrendj3@aol.com-Male-Ukraine
689-Debee-Rain-drainj4@blogspot.com-Female-Paraguay
690-Paulie-Piddlehinton-ppiddlehintonj5@dyndns.org-Male-Russia
691-Nathanael-Mathison-nmathisonj6@cbslocal.com-Male-Indonesia
692-Allix-Dy-adyj7@arizona.edu-Female-Kazakhstan
693-Jennine-Gavaghan-jgavaghanj8@ycombinator.com-Female-Mexico
694-Morten-Bonefant-mbonefantj9@51.la-Male-Gambia
695-Bronnie-Assad-bassadja@eventbrite.com-Male-Brazil
696-Donall-Giamitti-dgiamittijb@themeforest.net-Male-Malaysia
697-Starr-Gouge-sgougejc@theglobeandmail.com-Female-Vietnam
698-Hanni-Gusney-hgusneyjd@theatlantic.com-Female-Russia
699-Birgitta-Cassels-bcasselsje@acquirethisname.com-Female-Indonesia
700-Jewelle-Bielefeld-jbielefeldjf@wordpress.org-Female-Russia
701-Berk-Bricket-bbricketjg@zdnet.com-Male-Thailand
702-Constanta-Ricciardello-cricciardellojh@wiley.com-Female-Vietnam
703-Muriel-Pascall-mpascallji@upenn.edu-Female-China
704-Ewen-Farrell-efarrelljj@yandex.ru-Male-Pakistan
705-Westley-Troppmann-wtroppmannjk@washingtonpost.com-Male-Philippines
706-Brockie-Course-bcoursejl@delicious.com-Male-Mayotte
707-Carney-Pillifant-cpillifantjm@admin.ch-Male-China
708-Graeme-Boss-gbossjn@symantec.com-Male-China
709-Bartholomeo-Renon-brenonjo@scribd.com-Male-Croatia
710-Odelia-Ladewig-oladewigjp@google.com.au-Female-China
711-Shoshana-Trobey-strobeyjq@google.com-Female-"United Kingdom"
712-Ethelin-Tanswill-etanswilljr@sogou.com-Female-Philippines
713-Clem-McCumesky-cmccumeskyjs@abc.net.au-Female-Belarus
714-Keen-Perrett-kperrettjt@hud.gov-Male-Indonesia
715-Kane-Machin-kmachinju@amazon.co.uk-Male-France
716-Antonia-Leveret-aleveretjv@bing.com-Female-Greece
717-Natassia-Garrold-ngarroldjw@theglobeandmail.com-Female-Ethiopia
718-Melisandra-Simmig-msimmigjx@google.it-Female-Thailand
719-Roi-Labbati-rlabbatijy@businessweek.com-Male-Bolivia
720-Sidnee-Usborn-susbornjz@ehow.com-Male-Colombia
721-Lindsey-Allan-lallank0@opensource.org-Female-Japan
722-Borden-Gilli-bgillik1@wisc.edu-Male-China
723-Toddy-Janowski-tjanowskik2@spiegel.de-Male-Ukraine
724-Camel-Speers-cspeersk3@xinhuanet.com-Female-Russia
725-Hank-Buckthorpe-hbuckthorpek4@geocities.jp-Male-China
726-Grayce-Bover-gboverk5@digg.com-Female-China
727-Phil-Klewi-pklewik6@bloglovin.com-Male-Mexico
728-Kelli-Viste-kvistek7@lulu.com-Female-Peru
729-Lianne-Helgass-lhelgassk8@toplist.cz-Female-Maldives
730-Conrado-Enderlein-cenderleink9@nyu.edu-Male-Poland
731-Alexandre-Core-acoreka@sina.com.cn-Male-Portugal
732-Sonnnie-Gooderham-sgooderhamkb@google.ru-Female-France
733-Silvano-Pargetter-spargetterkc@scribd.com-Male-Brazil
734-Base-Doyland-bdoylandkd@4shared.com-Male-Cameroon
735-Roderigo-Wilcinskis-rwilcinskiske@huffingtonpost.com-Male-France
736-Diarmid-McGrey-dmcgreykf@cdbaby.com-Male-Poland
737-Louisa-Droogan-ldroogankg@moonfruit.com-Female-Djibouti
738-Zola-Hearsey-zhearseykh@admin.ch-Female-"Burkina Faso"
739-Cathy-Wanden-cwandenki@telegraph.co.uk-Female-Indonesia
740-Ezequiel-Atcock-eatcockkj@prnewswire.com-Male-Russia
741-Lynnet-Maxfield-lmaxfieldkk@nih.gov-Female-Syria
742-Selig-Braybrookes-sbraybrookeskl@theguardian.com-Male-France
743-Lauren-Burdon-lburdonkm@mapquest.com-Male-China
744-Sax-Hartly-shartlykn@desdev.cn-Male-Iraq
745-Hasty-Verne-hverneko@umn.edu-Male-China
746-Ekaterina-Skirvane-eskirvanekp@hugedomains.com-Female-France
747-Wendi-Waye-wwayekq@networksolutions.com-Female-China
748-Imogene-Jenteau-ijenteaukr@cyberchimps.com-Female-Mexico
749-Jens-McCarver-jmccarverks@altervista.org-Male-Brazil
750-Anson-Eglinton-aeglintonkt@kickstarter.com-Male-Philippines
751-Worthington-Maddra-wmaddraku@naver.com-Male-Philippines
752-Andrei-Crofts-acroftskv@jalbum.net-Female-China
753-Rochette-O'Donnelly-rodonnellykw@sogou.com-Female-France
754-Brockie-Stuckes-bstuckeskx@wix.com-Male-China
755-Nolly-Petracco-npetraccoky@ucoz.ru-Male-China
756-Livia-Duce-lducekz@toplist.cz-Female-Indonesia
757-Colline-Staneland-cstanelandl0@cmu.edu-Female-"Palestinian Territory"
758-Torrin-Bradd-tbraddl1@storify.com-Male-China
759-Jae-Goodlake-jgoodlakel2@pcworld.com-Male-China
760-Karoly-Liddall-kliddalll3@china.com.cn-Male-Finland
761-Raimondo-Pietruszka-rpietruszkal4@ibm.com-Male-Bolivia
762-Maiga-Kristufek-mkristufekl5@youku.com-Female-Croatia
763-Berget-Grzegorzewski-bgrzegorzewskil6@hao123.com-Female-Ireland
764-Conroy-Minto-cmintol7@comcast.net-Male-China
765-Kippie-Ingle-kinglel8@people.com.cn-Female-Belarus
766-Ham-Gaythorpe-hgaythorpel9@example.com-Male-Russia
767-Erv-Mosen-emosenla@mayoclinic.com-Male-Indonesia
768-Aron-Lambshine-alambshinelb@themeforest.net-Male-"New Zealand"
769-Noel-Kupke-nkupkelc@nba.com-Female-Japan
770-Bobbee-Drought-bdroughtld@drupal.org-Female-China
771-Stephana-Charrisson-scharrissonle@topsy.com-Female-China
772-Dalli-Nanni-dnannilf@google.it-Male-Portugal
773-Aimil-Thurske-athurskelg@zdnet.com-Female-Armenia
774-Maurise-Wadham-mwadhamlh@microsoft.com-Female-"South Korea"
775-Constancy-McAw-cmcawli@ow.ly-Female-Brazil
776-Joshuah-Fitzroy-jfitzroylj@themeforest.net-Male-Portugal
777-Kaia-Pregel-kpregellk@wikimedia.org-Female-Indonesia
778-Diahann-Mangenet-dmangenetll@baidu.com-Female-China
779-Annalise-Fosher-afosherlm@moonfruit.com-Female-China
780-Scot-Fessby-sfessbyln@booking.com-Male-Russia
781-Merle-Alexis-malexislo@tamu.edu-Female-Thailand
782-Winifred-Mayoral-wmayorallp@howstuffworks.com-Female-Cuba
783-Jack-Stubbe-jstubbelq@icq.com-Male-Argentina
784-Peder-Fairney-pfairneylr@yellowpages.com-Male-China
785-Addy-Troy-atroyls@ameblo.jp-Male-China
786-Lizabeth-Treen-ltreenlt@people.com.cn-Female-China
787-Berk-Brymner-bbrymnerlu@irs.gov-Male-"Bosnia and Herzegovina"
788-Jobi-Tolossi-jtolossilv@shareasale.com-Female-China
789-Kirk-Kiezler-kkiezlerlw@printfriendly.com-Male-Croatia
790-Whitney-Stookes-wstookeslx@oaic.gov.au-Male-Afghanistan
791-Morlee-Martignon-mmartignonly@wikispaces.com-Male-Russia
792-Ulises-Enders-uenderslz@biblegateway.com-Male-Sweden
793-Gasparo-Pratt-gprattm0@bloomberg.com-Male-Indonesia
794-Carlye-Butchers-cbutchersm1@dion.ne.jp-Female-Honduras
795-Hugues-Lodder-hlodderm2@amazon.com-Male-Philippines
796-Rosalie-Southby-rsouthbym3@bravesites.com-Female-Nigeria
797-Charla-Lockyer-clockyerm4@cnet.com-Female-Poland
798-Kipp-Constanza-kconstanzam5@earthlink.net-Female-Denmark
799-Ruprecht-Skahill-rskahillm6@bigcartel.com-Male-China
800-Rogers-Hazeley-rhazeleym7@furl.net-Male-China
801-Ted-Goacher-tgoacherm8@addtoany.com-Female-Uganda
802-Ev-Lamont-elamontm9@delicious.com-Male-"Ivory Coast"
803-Darline-Perelli-dperellima@mediafire.com-Female-Brazil
804-Cristian-Dewen-cdewenmb@hibu.com-Male-China
805-Daloris-Byrcher-dbyrchermc@soup.io-Female-Poland
806-Gail-Jeandot-gjeandotmd@themeforest.net-Female-Belarus
807-Keriann-Valance-kvalanceme@google.ru-Female-"Dominican Republic"
808-Myrvyn-Flude-mfludemf@prnewswire.com-Male-China
809-Barny-Bolan-bbolanmg@cpanel.net-Male-Indonesia
810-Joell-Parratt-jparrattmh@fotki.com-Female-Russia
811-Kirstin-Esslemont-kesslemontmi@stumbleupon.com-Female-Russia
812-Lusa-Roalfe-lroalfemj@blogger.com-Female-Canada
813-Wanids-Drever-wdrevermk@issuu.com-Female-Philippines
814-Elwin-Usmar-eusmarml@google.ca-Male-Taiwan
815-Calley-Duffit-cduffitmm@blogtalkradio.com-Female-Serbia
816-Blisse-Komorowski-bkomorowskimn@xrea.com-Female-China
817-Josepha-Lumsdale-jlumsdalemo@huffingtonpost.com-Female-Indonesia
818-Olivier-Schofield-oschofieldmp@mac.com-Male-Thailand
819-Marlene-Nicolson-mnicolsonmq@zimbio.com-Female-China
820-Tedi-Kyme-tkymemr@cafepress.com-Female-Ireland
821-Melva-Dashkovich-mdashkovichms@whitehouse.gov-Female-Indonesia
822-Chaddie-Milier-cmiliermt@weebly.com-Male-China
823-Jamaal-Pashler-jpashlermu@qq.com-Male-Sweden
824-Petey-Allawy-pallawymv@eepurl.com-Male-Peru
825-Gay-Wall-gwallmw@youtu.be-Female-Portugal
826-Kare-Suttaby-ksuttabymx@ucla.edu-Female-Indonesia
827-Kimball-Lathbury-klathburymy@typepad.com-Male-Indonesia
828-Marney-Abthorpe-mabthorpemz@mit.edu-Female-Indonesia
829-Darby-McLukie-dmclukien0@github.com-Female-China
830-Pace-Westby-pwestbyn1@virginia.edu-Male-Indonesia
831-Trisha-Gocher-tgochern2@bloomberg.com-Female-Philippines
832-Thayne-Leys-tleysn3@ebay.co.uk-Male-Morocco
833-Hugibert-"De La Haye"-hdelahayen4@chronoengine.com-Male-Sweden
834-Janot-Laden-jladenn5@yahoo.com-Female-Canada
835-Reiko-Westphalen-rwestphalenn6@prlog.org-Female-Colombia
836-Kelli-Oldred-koldredn7@weather.com-Female-Brazil
837-Wynne-Durham-wdurhamn8@usa.gov-Female-Portugal
838-Stanfield-Callis-scallisn9@nyu.edu-Male-China
839-Ermanno-Behagg-ebehaggna@webmd.com-Male-Bulgaria
840-Merell-Emmer-memmernb@un.org-Male-Somalia
841-Boonie-Murrish-bmurrishnc@delicious.com-Male-Kenya
842-Nettie-Halvosen-nhalvosennd@opera.com-Female-Portugal
843-Milena-Dyke-mdykene@wired.com-Female-France
844-Karon-Dunabie-kdunabienf@cbc.ca-Female-China
845-Lazare-Fincher-lfincherng@mashable.com-Male-Philippines
846-Mariana-Abeau-mabeaunh@desdev.cn-Female-China
847-Berthe-Dowsett-bdowsettni@squidoo.com-Female-Philippines
848-Hilly-Strodder-hstroddernj@weibo.com-Male-China
849-Dennis-Cullingworth-dcullingworthnk@narod.ru-Male-Indonesia
850-Renata-Digweed-rdigweednl@list-manage.com-Female-Russia
851-Norean-"Mc Meekan"-nmcmeekannm@cdbaby.com-Female-Philippines
852-Arlyne-Tender-atendernn@yahoo.com-Female-China
853-Anders-Kall-akallno@yelp.com-Male-Russia
854-Baxie-Christofol-bchristofolnp@ameblo.jp-Male-China
855-Micheil-Tookey-mtookeynq@twitpic.com-Male-France
856-Stanfield-Chipp-schippnr@gizmodo.com-Male-Peru
857-Marielle-Mussard-mmussardns@canalblog.com-Female-Ukraine
858-Bryn-Dansey-bdanseynt@wikispaces.com-Male-Kazakhstan
859-Monte-Willshear-mwillshearnu@goodreads.com-Male-France
860-Isac-Kimmel-ikimmelnv@addthis.com-Male-Indonesia
861-Britni-Steart-bsteartnw@statcounter.com-Female-Norway
862-Loy-Bearcroft-lbearcroftnx@sfgate.com-Male-Indonesia
863-Jarrad-O'Sheilds-josheildsny@un.org-Male-Poland
864-Zenia-Frise-zfrisenz@typepad.com-Female-"French Polynesia"
865-Wendie-Mingauld-wmingauldo0@nationalgeographic.com-Female-Indonesia
866-Skipp-Sneller-ssnellero1@tinypic.com-Male-Indonesia
867-Elle-Pinxton-epinxtono2@seattletimes.com-Female-Tanzania
868-Edsel-Kropp-ekroppo3@artisteer.com-Male-China
869-Osbert-Bullus-obulluso4@cpanel.net-Male-Greece
870-Kay-Kop-kkopo5@so-net.ne.jp-Female-Indonesia
871-Richardo-Porson-rporsono6@cnn.com-Male-Canada
872-Martie-Chasmoor-mchasmooro7@blinklist.com-Female-China
873-Willis-Studman-wstudmano8@arizona.edu-Male-China
874-Hashim-Vanyashin-hvanyashino9@xrea.com-Male-China
875-Gerardo-Melia-gmeliaoa@forbes.com-Male-Argentina
876-Yuri-Trobey-ytrobeyob@plala.or.jp-Male-Comoros
877-Gavan-Cressor-gcressoroc@smh.com.au-Male-China
878-Olvan-O'Shea-oosheaod@gmpg.org-Male-Uganda
879-Obie-Wheatman-owheatmanoe@vinaora.com-Male-Indonesia
880-Albina-Lavis-alavisof@psu.edu-Female-Indonesia
881-Harwilll-Cracoe-hcracoeog@instagram.com-Male-Afghanistan
882-Joyce-Dudbridge-jdudbridgeoh@infoseek.co.jp-Female-China
883-Geoffry-Counsell-gcounselloi@istockphoto.com-Male-"Czech Republic"
884-Florida-Surcombe-fsurcombeoj@utexas.edu-Female-Lebanon
885-Gualterio-Caron-gcaronok@mysql.com-Male-Poland
886-Miran-Dubock-mdubockol@slideshare.net-Female-Indonesia
887-Corrianne-Oakhill-coakhillom@spotify.com-Female-Syria
888-Tierney-Nurden-tnurdenon@theatlantic.com-Female-Japan
889-Ema-Warrillow-ewarrillowoo@cbslocal.com-Female-Brazil
890-Margaux-Ballantyne-mballantyneop@spiegel.de-Female-Peru
891-Saidee-Crotty-scrottyoq@mediafire.com-Female-Ukraine
892-Umeko-Wolfe-uwolfeor@uiuc.edu-Female-China
893-Max-Chrichton-mchrichtonos@google.de-Female-"United States"
894-Win-MacPeake-wmacpeakeot@aboutads.info-Male-Yemen
895-Sig-Lafee-slafeeou@bbc.co.uk-Male-"United States"
896-Heloise-Rouke-hroukeov@engadget.com-Female-Argentina
897-Timmie-Wadesworth-twadesworthow@upenn.edu-Female-Greece
898-Waiter-Pacher-wpacherox@devhub.com-Male-Poland
899-Butch-Antonio-bantoniooy@weather.com-Male-Indonesia
900-Kiele-Labden-klabdenoz@studiopress.com-Female-Pakistan
901-Rosita-Eakly-reaklyp0@people.com.cn-Female-Hungary
902-Meredith-Binford-mbinfordp1@hibu.com-Female-China
903-Lani-Kelwick-lkelwickp2@issuu.com-Female-Egypt
904-Torey-Kaiser-tkaiserp3@icq.com-Female-Greece
905-Chelsey-Ravilious-craviliousp4@yellowbook.com-Female-China
906-Andree-Dear-adearp5@cocolog-nifty.com-Female-China
907-Hazlett-Muneely-hmuneelyp6@utexas.edu-Male-Brazil
908-Trent-Avon-tavonp7@businesswire.com-Male-Venezuela
909-Karla-Consadine-kconsadinep8@google.com-Female-Malawi
910-Jeri-Muat-jmuatp9@icq.com-Female-Niger
911-Scarlet-Tatterton-stattertonpa@jalbum.net-Female-Thailand
912-Jonah-Stuchbery-jstuchberypb@seattletimes.com-Male-France
913-Hamid-Lube-hlubepc@time.com-Male-China
914-Adriane-MacKenny-amackennypd@smugmug.com-Female-Greece
915-Harv-House-hhousepe@auda.org.au-Male-Serbia
916-Morty-Dewi-mdewipf@uiuc.edu-Male-Nigeria
917-Joete-Ryall-jryallpg@scribd.com-Female-China
918-Rivalee-Heskin-rheskinph@nbcnews.com-Female-Armenia
919-Claudetta-Parley-cparleypi@so-net.ne.jp-Female-Russia
920-Frederico-Dacre-fdacrepj@netlog.com-Male-Philippines
921-Tomasina-Denton-tdentonpk@zimbio.com-Female-Russia
922-Nerte-Ollivierre-nollivierrepl@facebook.com-Female-Finland
923-Sheree-Heelis-sheelispm@pcworld.com-Female-China
924-Amalia-Goulter-agoulterpn@nasa.gov-Female-China
925-Hollyanne-Latty-hlattypo@reddit.com-Female-Japan
926-Corrinne-Dellatorre-cdellatorrepp@biglobe.ne.jp-Female-Indonesia
927-Winfield-Glendenning-wglendenningpq@a8.net-Male-Poland
928-Bernita-Engley-bengleypr@facebook.com-Female-Mexico
929-Rafferty-Lawey-rlaweyps@de.vu-Male-Yemen
930-Oberon-Bart-obartpt@blinklist.com-Male-Philippines
931-Kim-Brockie-kbrockiepu@nbcnews.com-Female-Indonesia
932-Ursuline-Nipper-unipperpv@bigcartel.com-Female-Kazakhstan
933-Lewie-Pigot-lpigotpw@thetimes.co.uk-Male-Philippines
934-Madelena-Adamiak-madamiakpx@wufoo.com-Female-Mongolia
935-Eldredge-Vasiliu-evasiliupy@wikimedia.org-Male-Indonesia
936-Quintana-Spuffard-qspuffardpz@behance.net-Female-Peru
937-Benedetto-Jocelyn-bjocelynq0@icio.us-Male-"Czech Republic"
938-Melba-Dingate-mdingateq1@pen.io-Female-Japan
939-David-McGrae-dmcgraeq2@archive.org-Male-Indonesia
940-Tymon-Dilger-tdilgerq3@utexas.edu-Male-China
941-Hughie-Ladbrooke-hladbrookeq4@delicious.com-Male-China
942-Atlanta-Ommundsen-aommundsenq5@wired.com-Female-Indonesia
943-Mateo-Berendsen-mberendsenq6@multiply.com-Male-Romania
944-Pamelina-Brixey-pbrixeyq7@dion.ne.jp-Female-Portugal
945-Kip-Wainwright-kwainwrightq8@forbes.com-Female-Japan
946-Electra-Jiggen-ejiggenq9@hatena.ne.jp-Female-Mexico
947-Conny-Giacubo-cgiacuboqa@time.com-Male-China
948-Beaufort-Lowes-blowesqb@pbs.org-Male-Nigeria
949-Rowland-Swapp-rswappqc@unesco.org-Male-Philippines
950-Nessie-Haskell-nhaskellqd@sphinn.com-Female-Brazil
951-Haze-Normanvell-hnormanvellqe@nasa.gov-Male-Russia
952-Cameron-Bolsteridge-cbolsteridgeqf@drupal.org-Male-Russia
953-Herbert-Leckenby-hleckenbyqg@opensource.org-Male-China
954-Sibel-Garrique-sgarriqueqh@shutterfly.com-Female-Poland
955-Darcie-Brotherhood-dbrotherhoodqi@zdnet.com-Female-Peru
956-Ludovico-Gristhwaite-lgristhwaiteqj@etsy.com-Male-Canada
957-Ebonee-Pendre-ependreqk@cnbc.com-Female-Bulgaria
958-Muhammad-Deniset-mdenisetql@a8.net-Male-Vietnam
959-Alys-Whaplington-awhaplingtonqm@ed.gov-Female-Poland
960-Charlene-Brasher-cbrasherqn@tripadvisor.com-Female-"South Africa"
961-Vinnie-Dundon-vdundonqo@homestead.com-Female-"Czech Republic"
962-Helena-Buckel-hbuckelqp@is.gd-Female-Poland
963-Erin-Cauley-ecauleyqq@topsy.com-Male-Poland
964-Berry-Adie-badieqr@adobe.com-Female-Germany
965-Obadias-Gallop-ogallopqs@yellowpages.com-Male-Chile
966-Johna-Carnson-jcarnsonqt@nsw.gov.au-Female-"Czech Republic"
967-Hamlin-Tarbett-htarbettqu@ustream.tv-Male-Philippines
968-Deck-Orrey-dorreyqv@engadget.com-Male-Indonesia
969-Tamas-Reinmar-treinmarqw@oaic.gov.au-Male-China
970-Virginia-"O' Flaherty"-voflahertyqx@hugedomains.com-Female-Norway
971-Toma-Hanratty-thanrattyqy@indiatimes.com-Female-Poland
972-Milissent-Pocknoll-mpocknollqz@topsy.com-Female-Estonia
973-Micheil-Taillant-mtaillantr0@java.com-Male-Russia
974-Colet-Bagehot-cbagehotr1@mashable.com-Male-Portugal
975-Anica-Romi-aromir2@wikispaces.com-Female-Philippines
976-Glen-Cockshtt-gcockshttr3@eventbrite.com-Female-Afghanistan
977-Ammamaria-Letixier-aletixierr4@gnu.org-Female-Honduras
978-Almeria-Giblin-agiblinr5@github.io-Female-Greece
979-Hugibert-Purrington-hpurringtonr6@oracle.com-Male-Colombia
980-Kory-Gibbs-kgibbsr7@wikipedia.org-Male-"Czech Republic"
981-Ezequiel-Jasper-ejasperr8@mapquest.com-Male-"United States"
982-Nikos-Yonge-nyonger9@economist.com-Male-Poland
983-Percival-Grece-pgrecera@amazon.com-Male-Iceland
984-Shelley-Frascone-sfrasconerb@pbs.org-Female-Thailand
985-Merwin-Connick-mconnickrc@naver.com-Male-China
986-Somerset-Seers-sseersrd@ebay.com-Male-Peru
987-Gilbert-Colter-gcolterre@illinois.edu-Male-Ukraine
988-Riley-Keigher-rkeigherrf@theguardian.com-Male-France
989-Ileana-Manes-imanesrg@hubpages.com-Female-Bulgaria
990-Barclay-Rickert-brickertrh@cbslocal.com-Male-Philippines
991-Aldridge-Trussman-atrussmanri@xrea.com-Male-Brazil
992-Linette-Crake-lcrakerj@ucsd.edu-Female-France
993-Devy-Klemensiewicz-dklemensiewiczrk@ox.ac.uk-Male-Morocco
994-Leland-Biasio-lbiasiorl@vkontakte.ru-Male-Poland
995-Isiahi-Coope-icooperm@census.gov-Male-China
996-Issi-Lillegard-ilillegardrn@wix.com-Female-Indonesia
997-Dusty-Ofener-dofenerro@miitbeian.gov.cn-Female-Brazil
998-Urban-Covert-ucovertrp@msn.com-Male-China
999-Klarrisa-Coggings-kcoggingsrq@ihg.com-Female-Thailand
1000-Marcellus-Riseley-mriseleyrr@marriott.com-Male-China
